"Authors","Author full names","Author(s) ID","Title","Year","Source title","Volume","Issue","Art. No.","Page start","Page end","Page count","Cited by","DOI","Link","Affiliations","Authors with affiliations","Correspondence Address","Publisher","Document Type","Publication Stage","Open Access","Source","EID"
"Carrelhas A.A.D.; Gato L.M.C.","Carrelhas, A.A.D. (57208272722); Gato, L.M.C. (7004360885)","57208272722; 7004360885","Reliable control of turbine–generator set for oscillating-water-column wave energy converters: Numerical modelling and field data comparison","2023","Energy Conversion and Management","282","","116811","","","","6","10.1016/j.enconman.2023.116811","https://www.scopus.com/inward/record.uri?eid=2-s2.0-85149667913&doi=10.1016%2fj.enconman.2023.116811&partnerID=40&md5=253a75f90ea93234d879ce332f23941e","IDMEC, Instituto Superior Técnico, Universidade de Lisboa, Av. Rovisco Pais 1, Lisboa, 1049-001, Portugal","Carrelhas A.A.D., IDMEC, Instituto Superior Técnico, Universidade de Lisboa, Av. Rovisco Pais 1, Lisboa, 1049-001, Portugal; Gato L.M.C., IDMEC, Instituto Superior Técnico, Universidade de Lisboa, Av. Rovisco Pais 1, Lisboa, 1049-001, Portugal","L.M.C. Gato; IDMEC, Instituto Superior Técnico, Universidade de Lisboa, Lisboa, Av. Rovisco Pais 1, 1049-001, Portugal; email: luis.gato@tecnico.ulisboa.pt","Elsevier Ltd","Article","Final","All Open Access; Hybrid Gold Open Access","Scopus","2-s2.0-85149667913"
"Ribeiro P.J.C.; Henriques J.C.C.; Campuzano F.J.; Gato L.M.C.; Falcão A.F.O.","Ribeiro, P.J.C. (57220615543); Henriques, J.C.C. (36173947400); Campuzano, F.J. (35271277300); Gato, L.M.C. (7004360885); Falcão, A.F.O. (23485073200)","57220615543; 36173947400; 35271277300; 7004360885; 23485073200","A new directional wave spectra characterization for offshore renewable energy applications","2020","Energy","213","","118828","","","","4","10.1016/j.energy.2020.118828","https://www.scopus.com/inward/record.uri?eid=2-s2.0-85091657563&doi=10.1016%2fj.energy.2020.118828&partnerID=40&md5=165647d688ecaa5b0d59227e637a44cf","IDMEC, Instituto Superior Técnico, Universidade de Lisboa, Lisbon, 1049-001, Portugal; MARETEC, Instituto Superior Técnico, Universidade de Lisboa, Lisbon, 1049-001, Portugal","Ribeiro P.J.C., IDMEC, Instituto Superior Técnico, Universidade de Lisboa, Lisbon, 1049-001, Portugal; Henriques J.C.C., IDMEC, Instituto Superior Técnico, Universidade de Lisboa, Lisbon, 1049-001, Portugal; Campuzano F.J., MARETEC, Instituto Superior Técnico, Universidade de Lisboa, Lisbon, 1049-001, Portugal; Gato L.M.C., IDMEC, Instituto Superior Técnico, Universidade de Lisboa, Lisbon, 1049-001, Portugal; Falcão A.F.O., IDMEC, Instituto Superior Técnico, Universidade de Lisboa, Lisbon, 1049-001, Portugal","J.C.C. Henriques; IDMEC, Instituto Superior Técnico, Universidade de Lisboa, Lisbon, 1049-001, Portugal; email: joaochenriques@tecnico.ulisboa.pt","Elsevier Ltd","Article","Final","","Scopus","2-s2.0-85091657563"
"Carrelhas A.A.D.; Gato L.M.C.; Falcão A.F.O.; Henriques J.C.C.","Carrelhas, A.A.D. (57208272722); Gato, L.M.C. (7004360885); Falcão, A.F.O. (23485073200); Henriques, J.C.C. (36173947400)","57208272722; 7004360885; 23485073200; 36173947400","Control law design for the air-turbine-generator set of a fully submerged 1.5 MW mWave prototype. Part 1: Numerical modelling","2022","Renewable Energy","181","","","1402","1418","16","8","10.1016/j.renene.2021.09.011","https://www.scopus.com/inward/record.uri?eid=2-s2.0-85116867419&doi=10.1016%2fj.renene.2021.09.011&partnerID=40&md5=67e134e42ba7a20878f315caaa937e50","IDMEC, Instituto Superior Técnico, Universidade de Lisboa, Av. Rovisco Pais 1, Lisboa, 1049-001, Portugal","Carrelhas A.A.D., IDMEC, Instituto Superior Técnico, Universidade de Lisboa, Av. Rovisco Pais 1, Lisboa, 1049-001, Portugal; Gato L.M.C., IDMEC, Instituto Superior Técnico, Universidade de Lisboa, Av. Rovisco Pais 1, Lisboa, 1049-001, Portugal; Falcão A.F.O., IDMEC, Instituto Superior Técnico, Universidade de Lisboa, Av. Rovisco Pais 1, Lisboa, 1049-001, Portugal; Henriques J.C.C., IDMEC, Instituto Superior Técnico, Universidade de Lisboa, Av. Rovisco Pais 1, Lisboa, 1049-001, Portugal","L.M.C. Gato; IDMEC, Instituto Superior Técnico, Universidade de Lisboa, Lisboa, Av. Rovisco Pais 1, 1049-001, Portugal; email: luis.gato@tecnico.ulisboa.pt","Elsevier Ltd","Article","Final","","Scopus","2-s2.0-85116867419"
"Alves J.S.; Gato L.M.C.; Falcão A.F.O.; Henriques J.C.C.","Alves, João S. (57226337827); Gato, Luís M.C. (7004360885); Falcão, António F.O. (23485073200); Henriques, João C.C. (36173947400)","57226337827; 7004360885; 23485073200; 36173947400","Experimental investigation on performance improvement by mid-plane guide-vanes in a biplane-rotor Wells turbine for wave energy conversion","2021","Renewable and Sustainable Energy Reviews","150","","111497","","","","15","10.1016/j.rser.2021.111497","https://www.scopus.com/inward/record.uri?eid=2-s2.0-85111208105&doi=10.1016%2fj.rser.2021.111497&partnerID=40&md5=e38b4d538af6e018360f6754ffa43bdc","Royal Institute of Technology, Stockholm, SE-100 44, Sweden; IDMEC, Instituto Superior Técnico, Universidade de Lisboa, Av. Rovisco Pais 1, Lisbon, 1049-001, Portugal","Alves J.S., Royal Institute of Technology, Stockholm, SE-100 44, Sweden; Gato L.M.C., IDMEC, Instituto Superior Técnico, Universidade de Lisboa, Av. Rovisco Pais 1, Lisbon, 1049-001, Portugal; Falcão A.F.O., IDMEC, Instituto Superior Técnico, Universidade de Lisboa, Av. Rovisco Pais 1, Lisbon, 1049-001, Portugal; Henriques J.C.C., IDMEC, Instituto Superior Técnico, Universidade de Lisboa, Av. Rovisco Pais 1, Lisbon, 1049-001, Portugal","L.M.C. Gato; IDMEC, Instituto Superior Técnico, Universidade de Lisboa, Lisbon, Av. Rovisco Pais 1, 1049-001, Portugal; email: luis.gato@tecnico.ulisboa.pt","Elsevier Ltd","Article","Final","All Open Access; Hybrid Gold Open Access","Scopus","2-s2.0-85111208105"
"Falcão A.F.O.; Henriques J.C.C.; Gomes R.P.F.; Portillo J.C.C.","Falcão, António F.O. (23485073200); Henriques, João C.C. (36173947400); Gomes, Rui P.F. (26030969000); Portillo, Juan C.C. (56970941300)","23485073200; 36173947400; 26030969000; 56970941300","Theoretically based correction to model test results of OWC wave energy converters to account for air compressibility effect","2022","Renewable Energy","198","","","41","50","9","11","10.1016/j.renene.2022.08.034","https://www.scopus.com/inward/record.uri?eid=2-s2.0-85135986201&doi=10.1016%2fj.renene.2022.08.034&partnerID=40&md5=50d37f0631f3381f2cbf151b5f3f1cf0","IDMEC/LAETA, Instituto Superior Técnico, Universidade de Lisboa, Av. Rovisco Pais 1, Lisbon, 1049-001, Portugal","Falcão A.F.O., IDMEC/LAETA, Instituto Superior Técnico, Universidade de Lisboa, Av. Rovisco Pais 1, Lisbon, 1049-001, Portugal; Henriques J.C.C., IDMEC/LAETA, Instituto Superior Técnico, Universidade de Lisboa, Av. Rovisco Pais 1, Lisbon, 1049-001, Portugal; Gomes R.P.F., IDMEC/LAETA, Instituto Superior Técnico, Universidade de Lisboa, Av. Rovisco Pais 1, Lisbon, 1049-001, Portugal; Portillo J.C.C., IDMEC/LAETA, Instituto Superior Técnico, Universidade de Lisboa, Av. Rovisco Pais 1, Lisbon, 1049-001, Portugal","A.F.O. Falcão; IDMEC/LAETA, Instituto Superior Técnico, Universidade de Lisboa, Lisbon, Av. Rovisco Pais 1, 1049-001, Portugal; email: antonio.falcao@tecnico.ulisboa.pt","Elsevier Ltd","Article","Final","","Scopus","2-s2.0-85135986201"
"Lopes B.S.; Gato L.M.C.; Falcão A.F.O.; Henriques J.C.C.","Lopes, Bárbara S. (57205304774); Gato, Luís M.C. (7004360885); Falcão, António F.O. (23485073200); Henriques, João C.C. (36173947400)","57205304774; 7004360885; 23485073200; 36173947400","Test results of a novel twin-rotor radial inflow self-rectifying air turbine for OWC wave energy converters","2019","Energy","170","","","869","879","10","16","10.1016/j.energy.2018.12.078","https://www.scopus.com/inward/record.uri?eid=2-s2.0-85059458126&doi=10.1016%2fj.energy.2018.12.078&partnerID=40&md5=cc02249df165c3d4305cbd45ea8d18c9","IDMEC, Instituto Superior Técnico, Universidade de Lisboa, Lisbon, 1049-001, Portugal","Lopes B.S., IDMEC, Instituto Superior Técnico, Universidade de Lisboa, Lisbon, 1049-001, Portugal; Gato L.M.C., IDMEC, Instituto Superior Técnico, Universidade de Lisboa, Lisbon, 1049-001, Portugal; Falcão A.F.O., IDMEC, Instituto Superior Técnico, Universidade de Lisboa, Lisbon, 1049-001, Portugal; Henriques J.C.C., IDMEC, Instituto Superior Técnico, Universidade de Lisboa, Lisbon, 1049-001, Portugal","B.S. Lopes; IDMEC, Instituto Superior Técnico, Universidade de Lisboa, Lisbon, 1049-001, Portugal; email: barbara.lopes@tecnico.ulisboa.pt","Elsevier Ltd","Article","Final","","Scopus","2-s2.0-85059458126"
"Fox B.N.; Gomes R.P.F.; Gato L.M.C.","Fox, Brooklyn N. (57223425273); Gomes, Rui P.F. (26030969000); Gato, Luís M.C. (7004360885)","57223425273; 26030969000; 7004360885","Analysis of oscillating-water-column wave energy converter configurations for integration into caisson breakwaters","2021","Applied Energy","295","","117023","","","","25","10.1016/j.apenergy.2021.117023","https://www.scopus.com/inward/record.uri?eid=2-s2.0-85105879032&doi=10.1016%2fj.apenergy.2021.117023&partnerID=40&md5=d9ea3bddadc3efede1486c5d0350cf58","IDMEC, Instituto Superior Técnico, Universidade de Lisboa, Av. Rovisco Pais 1, Lisboa, 1049-001, Portugal","Fox B.N., IDMEC, Instituto Superior Técnico, Universidade de Lisboa, Av. Rovisco Pais 1, Lisboa, 1049-001, Portugal; Gomes R.P.F., IDMEC, Instituto Superior Técnico, Universidade de Lisboa, Av. Rovisco Pais 1, Lisboa, 1049-001, Portugal; Gato L.M.C., IDMEC, Instituto Superior Técnico, Universidade de Lisboa, Av. Rovisco Pais 1, Lisboa, 1049-001, Portugal","L.M.C. Gato; IDMEC, Instituto Superior Técnico, Universidade de Lisboa, Lisboa, Av. Rovisco Pais 1, 1049-001, Portugal; email: luis.gato@tecnico.ulisboa.pt","Elsevier Ltd","Article","Final","","Scopus","2-s2.0-85105879032"
"Portillo J.C.C.; Henriques J.C.C.; Gato L.M.C.; Falcão A.F.O.","Portillo, J.C.C. (56970941300); Henriques, J.C.C. (36173947400); Gato, L.M.C. (7004360885); Falcão, A.F.O. (23485073200)","56970941300; 36173947400; 7004360885; 23485073200","Model tests on a floating coaxial-duct OWC wave energy converter with focus on the spring-like air compressibility effect","2023","Energy","263","","125549","","","","4","10.1016/j.energy.2022.125549","https://www.scopus.com/inward/record.uri?eid=2-s2.0-85139292614&doi=10.1016%2fj.energy.2022.125549&partnerID=40&md5=62b529c27b9ec8d5f8581aa6cb620806","IDMEC/LAETA, Instituto Superior Técnico, Universidade de Lisboa, Av. Rovisco Pais 1, Lisbon, 1049-001, Portugal","Portillo J.C.C., IDMEC/LAETA, Instituto Superior Técnico, Universidade de Lisboa, Av. Rovisco Pais 1, Lisbon, 1049-001, Portugal; Henriques J.C.C., IDMEC/LAETA, Instituto Superior Técnico, Universidade de Lisboa, Av. Rovisco Pais 1, Lisbon, 1049-001, Portugal; Gato L.M.C., IDMEC/LAETA, Instituto Superior Técnico, Universidade de Lisboa, Av. Rovisco Pais 1, Lisbon, 1049-001, Portugal; Falcão A.F.O., IDMEC/LAETA, Instituto Superior Técnico, Universidade de Lisboa, Av. Rovisco Pais 1, Lisbon, 1049-001, Portugal","J.C.C. Portillo; IDMEC/LAETA, Instituto Superior Técnico, Universidade de Lisboa, Lisbon, Av. Rovisco Pais 1, 1049-001, Portugal; email: juan.portillo@tecnico.ulisboa.pt","Elsevier Ltd","Article","Final","All Open Access; Hybrid Gold Open Access","Scopus","2-s2.0-85139292614"
"Falcão A.F.O.; Henriques J.C.C.; Gato L.M.C.","Falcão, António F.O. (23485073200); Henriques, João C.C. (36173947400); Gato, Luís M.C. (7004360885)","23485073200; 36173947400; 7004360885","Self-rectifying air turbines for wave energy conversion: A comparative analysis","2018","Renewable and Sustainable Energy Reviews","91","","","1231","1241","10","85","10.1016/j.rser.2018.04.019","https://www.scopus.com/inward/record.uri?eid=2-s2.0-85047255219&doi=10.1016%2fj.rser.2018.04.019&partnerID=40&md5=0b12806c93eb38f866d2942b30a3b586","IDMEC/LAETA, Instituto Superior Técnico, Universidade de Lisboa, Av. Rovisco Pais 1, Lisbon, 1049-001, Portugal","Falcão A.F.O., IDMEC/LAETA, Instituto Superior Técnico, Universidade de Lisboa, Av. Rovisco Pais 1, Lisbon, 1049-001, Portugal; Henriques J.C.C., IDMEC/LAETA, Instituto Superior Técnico, Universidade de Lisboa, Av. Rovisco Pais 1, Lisbon, 1049-001, Portugal; Gato L.M.C., IDMEC/LAETA, Instituto Superior Técnico, Universidade de Lisboa, Av. Rovisco Pais 1, Lisbon, 1049-001, Portugal","A.F.O. Falcão; IDMEC/LAETA, Instituto Superior Técnico, Universidade de Lisboa, Lisbon, Av. Rovisco Pais 1, 1049-001, Portugal; email: antonio.falcao@tecnico.ulisboa.pt","Elsevier Ltd","Review","Final","","Scopus","2-s2.0-85047255219"
"Gato L.M.C.; Ferreira D.N.; Sá D.O.C.","Gato, L.M.C. (7004360885); Ferreira, D.N. (56659095800); Sá, D.O.C. (58088804500)","7004360885; 56659095800; 58088804500","Biradial turbine rotor aerodynamic design and parametric analysis","2023","Energy Conversion and Management","278","","116651","","","","0","10.1016/j.enconman.2022.116651","https://www.scopus.com/inward/record.uri?eid=2-s2.0-85147291135&doi=10.1016%2fj.enconman.2022.116651&partnerID=40&md5=cc655ca260d5aed15f01835d8c267565","IDMEC, Instituto Superior Técnico, Universidade de Lisboa, Av. Rovisco Pais, Lisboa, 1049-001, Portugal","Gato L.M.C., IDMEC, Instituto Superior Técnico, Universidade de Lisboa, Av. Rovisco Pais, Lisboa, 1049-001, Portugal; Ferreira D.N., IDMEC, Instituto Superior Técnico, Universidade de Lisboa, Av. Rovisco Pais, Lisboa, 1049-001, Portugal; Sá D.O.C., IDMEC, Instituto Superior Técnico, Universidade de Lisboa, Av. Rovisco Pais, Lisboa, 1049-001, Portugal","L.M.C. Gato; IDMEC, Instituto Superior Técnico, Universidade de Lisboa, Lisboa, Av. Rovisco Pais, 1049-001, Portugal; email: luis.gato@tecnico.ulisboa.pt","Elsevier Ltd","Article","Final","All Open Access; Hybrid Gold Open Access","Scopus","2-s2.0-85147291135"
"Ferreira D.N.; Gato L.M.C.; Eça L.","Ferreira, D.N. (56659095800); Gato, L.M.C. (7004360885); Eça, L. (6506220240)","56659095800; 7004360885; 6506220240","Efficiency of biradial impulse turbines concerning rotor blade angle, guide-vane deflection and blockage","2023","Energy","266","","126390","","","","4","10.1016/j.energy.2022.126390","https://www.scopus.com/inward/record.uri?eid=2-s2.0-85144450203&doi=10.1016%2fj.energy.2022.126390&partnerID=40&md5=31e8ff0b44a6cf43cd5eae2da16b32f3","IDMEC, Instituto Superior Técnico, Universidade de Lisboa, Av. Rovisco Pais 1, Lisboa, 1049-001, Portugal; OKEANOS - Centre for Research and Development at the University of the Azores, Department of Oceanography and Fisheries, Rua Prof. Dr. Frederico Machado, Horta, Azores, 9901-862, Portugal","Ferreira D.N., IDMEC, Instituto Superior Técnico, Universidade de Lisboa, Av. Rovisco Pais 1, Lisboa, 1049-001, Portugal, OKEANOS - Centre for Research and Development at the University of the Azores, Department of Oceanography and Fisheries, Rua Prof. Dr. Frederico Machado, Horta, Azores, 9901-862, Portugal; Gato L.M.C., IDMEC, Instituto Superior Técnico, Universidade de Lisboa, Av. Rovisco Pais 1, Lisboa, 1049-001, Portugal; Eça L., IDMEC, Instituto Superior Técnico, Universidade de Lisboa, Av. Rovisco Pais 1, Lisboa, 1049-001, Portugal","D.N. Ferreira; IDMEC, Instituto Superior Técnico, Universidade de Lisboa, Lisboa, Av. Rovisco Pais 1, 1049-001, Portugal; email: nevesferreira@tecnico.ulisboa.pt","Elsevier Ltd","Article","Final","All Open Access; Hybrid Gold Open Access","Scopus","2-s2.0-85144450203"
"Falcão A.F.O.; Sarmento A.J.N.A.; Gato L.M.C.; Brito-Melo A.","Falcão, António F.O. (23485073200); Sarmento, António J.N.A. (7007082950); Gato, Luís M.C. (7004360885); Brito-Melo, Ana (6602760311)","23485073200; 7007082950; 7004360885; 6602760311","The Pico OWC wave power plant: Its lifetime from conception to closure 1986–2018","2020","Applied Ocean Research","98","","102104","","","","63","10.1016/j.apor.2020.102104","https://www.scopus.com/inward/record.uri?eid=2-s2.0-85083032950&doi=10.1016%2fj.apor.2020.102104&partnerID=40&md5=0a8c41ce0c12ccf3affc4ea2aa34408e","IDMEC/LAETA, Instituto Superior Técnico, Universidade de Lisboa, Av. Rovisco Pais 1, Lisbon, 1049-001, Portugal; WavEC Offshore Renewables, Rua Dom Jerónimo Osório, 11, 1, Lisbon, 1400-119, Portugal","Falcão A.F.O., IDMEC/LAETA, Instituto Superior Técnico, Universidade de Lisboa, Av. Rovisco Pais 1, Lisbon, 1049-001, Portugal; Sarmento A.J.N.A., WavEC Offshore Renewables, Rua Dom Jerónimo Osório, 11, 1, Lisbon, 1400-119, Portugal; Gato L.M.C., IDMEC/LAETA, Instituto Superior Técnico, Universidade de Lisboa, Av. Rovisco Pais 1, Lisbon, 1049-001, Portugal; Brito-Melo A., WavEC Offshore Renewables, Rua Dom Jerónimo Osório, 11, 1, Lisbon, 1400-119, Portugal","A.F.O. Falcão; IDMEC/LAETA, Instituto Superior Técnico, Universidade de Lisboa, Lisbon, Av. Rovisco Pais 1, 1049-001, Portugal; email: antonio.falcao@tecnico.ulisboa.pt","Elsevier Ltd","Article","Final","","Scopus","2-s2.0-85083032950"
"Ferreira D.N.; Gato L.M.C.; Eça L.; Henriques J.C.C.","Ferreira, D.N. (56659095800); Gato, L.M.C. (7004360885); Eça, L. (6506220240); Henriques, J.C.C. (36173947400)","56659095800; 7004360885; 6506220240; 36173947400","Aerodynamic analysis of a biradial turbine with movable guide-vanes: Incidence and slip effects on efficiency","2020","Energy","200","","117502","","","","8","10.1016/j.energy.2020.117502","https://www.scopus.com/inward/record.uri?eid=2-s2.0-85083797373&doi=10.1016%2fj.energy.2020.117502&partnerID=40&md5=81ff436a876a89db3d89d213ca057d42","IDMEC, Instituto Superior Técnico, Universidade de Lisboa, Av. Rovisco Pais 1,1049-001, Lisboa, Portugal; OKEANOS - Centre for Research and Development at the University of the Azores, Department of Oceanography and Fisheries, Rua Prof. Dr. Frederico Machado, Horta, 9901-862, Azores, Portugal","Ferreira D.N., IDMEC, Instituto Superior Técnico, Universidade de Lisboa, Av. Rovisco Pais 1,1049-001, Lisboa, Portugal, OKEANOS - Centre for Research and Development at the University of the Azores, Department of Oceanography and Fisheries, Rua Prof. Dr. Frederico Machado, Horta, 9901-862, Azores, Portugal; Gato L.M.C., IDMEC, Instituto Superior Técnico, Universidade de Lisboa, Av. Rovisco Pais 1,1049-001, Lisboa, Portugal; Eça L., IDMEC, Instituto Superior Técnico, Universidade de Lisboa, Av. Rovisco Pais 1,1049-001, Lisboa, Portugal; Henriques J.C.C., IDMEC, Instituto Superior Técnico, Universidade de Lisboa, Av. Rovisco Pais 1,1049-001, Lisboa, Portugal","D.N. Ferreira; IDMEC, Instituto Superior Técnico, Universidade de Lisboa, Lisboa, Av. Rovisco Pais 1,1049-001, Portugal; email: nevesferreira@tecnico.ulisboa.pt","Elsevier Ltd","Article","Final","","Scopus","2-s2.0-85083797373"
"Henriques J.C.C.; Portillo J.C.C.; Sheng W.; Gato L.M.C.; Falcão A.F.O.","Henriques, J.C.C. (36173947400); Portillo, J.C.C. (56970941300); Sheng, W. (35220535800); Gato, L.M.C. (7004360885); Falcão, A.F.O. (23485073200)","36173947400; 56970941300; 35220535800; 7004360885; 23485073200","Dynamics and control of air turbines in oscillating-water-column wave energy converters: Analyses and case study","2019","Renewable and Sustainable Energy Reviews","112","","","571","589","18","60","10.1016/j.rser.2019.05.010","https://www.scopus.com/inward/record.uri?eid=2-s2.0-85067182426&doi=10.1016%2fj.rser.2019.05.010&partnerID=40&md5=cbf8b3b88f61da5a278dc6b1df6baa52","IDMEC, Instituto Superior Técnico, Universidade de Lisboa, Av. Rovisco Pais, Lisboa, 1049-001, Portugal; School of Engineering, University College Cork, Cork, Ireland","Henriques J.C.C., IDMEC, Instituto Superior Técnico, Universidade de Lisboa, Av. Rovisco Pais, Lisboa, 1049-001, Portugal; Portillo J.C.C., IDMEC, Instituto Superior Técnico, Universidade de Lisboa, Av. Rovisco Pais, Lisboa, 1049-001, Portugal; Sheng W., School of Engineering, University College Cork, Cork, Ireland; Gato L.M.C., IDMEC, Instituto Superior Técnico, Universidade de Lisboa, Av. Rovisco Pais, Lisboa, 1049-001, Portugal; Falcão A.F.O., IDMEC, Instituto Superior Técnico, Universidade de Lisboa, Av. Rovisco Pais, Lisboa, 1049-001, Portugal","J.C.C. Henriques; IDMEC, Instituto Superior Técnico, Universidade de Lisboa, Lisboa, Av. Rovisco Pais, 1049-001, Portugal; email: joaochenriques@tecnico.ulisboa.pt","Elsevier Ltd","Article","Final","","Scopus","2-s2.0-85067182426"
"Carrelhas A.A.D.; Gato L.M.C.; Henriques J.C.C.; Marques G.D.","Carrelhas, A.A.D. (57208272722); Gato, L.M.C. (7004360885); Henriques, J.C.C. (36173947400); Marques, G.D. (7006311208)","57208272722; 7004360885; 36173947400; 7006311208","Estimation of generator electrical power output and turbine torque in modelling and field testing of OWC wave energy converters","2023","Energy Conversion and Management: X","19","","100384","","","","3","10.1016/j.ecmx.2023.100384","https://www.scopus.com/inward/record.uri?eid=2-s2.0-85159632362&doi=10.1016%2fj.ecmx.2023.100384&partnerID=40&md5=d4d2f87dbadeab966ceb70577edecd3e","IDMEC, Instituto Superior Técnico, Universidade de Lisboa, Av.Rovisco Pais 1, Lisboa, 1049-001, Portugal; INESC-ID, Instituto Superior Técnico, Universidade de Lisboa, Av. Rovisco Pais 1, Lisboa, 1049-001, Portugal","Carrelhas A.A.D., IDMEC, Instituto Superior Técnico, Universidade de Lisboa, Av.Rovisco Pais 1, Lisboa, 1049-001, Portugal; Gato L.M.C., IDMEC, Instituto Superior Técnico, Universidade de Lisboa, Av.Rovisco Pais 1, Lisboa, 1049-001, Portugal; Henriques J.C.C., IDMEC, Instituto Superior Técnico, Universidade de Lisboa, Av.Rovisco Pais 1, Lisboa, 1049-001, Portugal; Marques G.D., INESC-ID, Instituto Superior Técnico, Universidade de Lisboa, Av. Rovisco Pais 1, Lisboa, 1049-001, Portugal","L.M.C. Gato; IDMEC, Instituto Superior Técnico, Universidade de Lisboa, Lisboa, Av.Rovisco Pais 1, 1049-001, Portugal; email: luis.gato@tecnico.ulisboa.pt","Elsevier Ltd","Article","Final","All Open Access; Gold Open Access","Scopus","2-s2.0-85159632362"
"Howey B.; Collins K.M.; Hann M.; Iglesias G.; Gomes R.P.F.; Henriques J.C.C.; Gato L.M.C.; Greaves D.","Howey, Ben (57197705559); Collins, Keri M. (52063145800); Hann, Martyn (55851687200); Iglesias, Gregorio (56261589800); Gomes, Rui P.F. (26030969000); Henriques, João C.C. (36173947400); Gato, Luís M.C. (7004360885); Greaves, Deborah (7102627638)","57197705559; 52063145800; 55851687200; 56261589800; 26030969000; 36173947400; 7004360885; 7102627638","Compact floating wave energy converter arrays: Inter-device mooring connectivity and performance","2021","Applied Ocean Research","115","","102820","","","","12","10.1016/j.apor.2021.102820","https://www.scopus.com/inward/record.uri?eid=2-s2.0-85111626508&doi=10.1016%2fj.apor.2021.102820&partnerID=40&md5=d16c30fa1f845ae06e9d28614889b0d7","School of Engineering, Computing and Mathematics, University of Plymouth, UK, United Kingdom; School of Engineering and Architecture & MaREI, Environmental Research Institute, University College Cork, Ireland (formerly at the University of Plymouth); IDMEC, LAETA, Instituto Superior Técnico Universidade de Lisboa, Portugal","Howey B., School of Engineering, Computing and Mathematics, University of Plymouth, UK, United Kingdom; Collins K.M., School of Engineering, Computing and Mathematics, University of Plymouth, UK, United Kingdom; Hann M., School of Engineering, Computing and Mathematics, University of Plymouth, UK, United Kingdom; Iglesias G., School of Engineering and Architecture & MaREI, Environmental Research Institute, University College Cork, Ireland (formerly at the University of Plymouth); Gomes R.P.F., IDMEC, LAETA, Instituto Superior Técnico Universidade de Lisboa, Portugal; Henriques J.C.C., IDMEC, LAETA, Instituto Superior Técnico Universidade de Lisboa, Portugal; Gato L.M.C., IDMEC, LAETA, Instituto Superior Técnico Universidade de Lisboa, Portugal; Greaves D., School of Engineering, Computing and Mathematics, University of Plymouth, UK, United Kingdom","D. Greaves; School of Engineering, Computing and Mathematics, University of Plymouth, United Kingdom; email: deborah.greaves@plymouth.ac.uk","Elsevier Ltd","Article","Final","All Open Access; Green Open Access; Hybrid Gold Open Access","Scopus","2-s2.0-85111626508"
"Carrelhas A.A.D.; Gato L.M.C.; Henriques J.C.C.; Falcão A.F.O.","Carrelhas, A.A.D. (57208272722); Gato, L.M.C. (7004360885); Henriques, J.C.C. (36173947400); Falcão, A.F.O. (23485073200)","57208272722; 7004360885; 36173947400; 23485073200","Experimental study of a self-rectifying biradial air turbine with fixed guide-vanes arranged into two concentric annular rows","2020","Energy","198","","117211","","","","12","10.1016/j.energy.2020.117211","https://www.scopus.com/inward/record.uri?eid=2-s2.0-85082190973&doi=10.1016%2fj.energy.2020.117211&partnerID=40&md5=98f11c77e5091419410af88824ab0bb5","IDMEC, Instituto Superior Técnico, Universidade de Lisboa, Av. Rovisco Pais 1, Lisboa, 1049-001, Portugal","Carrelhas A.A.D., IDMEC, Instituto Superior Técnico, Universidade de Lisboa, Av. Rovisco Pais 1, Lisboa, 1049-001, Portugal; Gato L.M.C., IDMEC, Instituto Superior Técnico, Universidade de Lisboa, Av. Rovisco Pais 1, Lisboa, 1049-001, Portugal; Henriques J.C.C., IDMEC, Instituto Superior Técnico, Universidade de Lisboa, Av. Rovisco Pais 1, Lisboa, 1049-001, Portugal; Falcão A.F.O., IDMEC, Instituto Superior Técnico, Universidade de Lisboa, Av. Rovisco Pais 1, Lisboa, 1049-001, Portugal","L.M.C. Gato; IDMEC, Instituto Superior Técnico, Universidade de Lisboa, Lisboa, Av. Rovisco Pais 1, 1049-001, Portugal; email: luis.gato@tecnico.ulisboa.pt","Elsevier Ltd","Article","Final","","Scopus","2-s2.0-85082190973"
"Marques Silva J.; Vieira S.M.; Valério D.; Henriques J.C.C.","Marques Silva, Jorge (57266187100); Vieira, Susana M. (8542158100); Valério, Duarte (23010662200); Henriques, João C.C. (36173947400)","57266187100; 8542158100; 23010662200; 36173947400","Model predictive control based on air pressure forecasting of OWC wave power plants","2023","Energy","284","","129217","","","","1","10.1016/j.energy.2023.129217","https://www.scopus.com/inward/record.uri?eid=2-s2.0-85173230600&doi=10.1016%2fj.energy.2023.129217&partnerID=40&md5=07d7ac1a658c3c81f0d4c3cf22ca7322","IDMEC, Instituto Superior Técnico, Universidade de Lisboa, Av. Rovisco Pais 1, Lisbon, 1049-001, Portugal","Marques Silva J., IDMEC, Instituto Superior Técnico, Universidade de Lisboa, Av. Rovisco Pais 1, Lisbon, 1049-001, Portugal; Vieira S.M., IDMEC, Instituto Superior Técnico, Universidade de Lisboa, Av. Rovisco Pais 1, Lisbon, 1049-001, Portugal; Valério D., IDMEC, Instituto Superior Técnico, Universidade de Lisboa, Av. Rovisco Pais 1, Lisbon, 1049-001, Portugal; Henriques J.C.C., IDMEC, Instituto Superior Técnico, Universidade de Lisboa, Av. Rovisco Pais 1, Lisbon, 1049-001, Portugal","J. Marques Silva; IDMEC, Instituto Superior Técnico, Universidade de Lisboa, Lisbon, Av. Rovisco Pais 1, 1049-001, Portugal; email: jorge.marques.silva@tecnico.ulisboa.pt","Elsevier Ltd","Article","Final","All Open Access; Hybrid Gold Open Access","Scopus","2-s2.0-85173230600"
"Marques Silva J.; Vieira S.M.; Valério D.; Henriques J.C.C.; Sclavounos P.D.","Marques Silva, Jorge (57266187100); Vieira, Susana M. (8542158100); Valério, Duarte (23010662200); Henriques, João C. C. (36173947400); Sclavounos, Paul D. (7003855459)","57266187100; 8542158100; 23010662200; 36173947400; 7003855459","Air pressure forecasting for the Mutriku oscillating-water-column wave power plant: Review and case study","2021","IET Renewable Power Generation","15","14","","3485","3503","18","4","10.1049/rpg2.12289","https://www.scopus.com/inward/record.uri?eid=2-s2.0-85115318126&doi=10.1049%2frpg2.12289&partnerID=40&md5=aefb2052c3f9fa763efa8f98320974a7","IDMEC, Instituto Superior Técnico, Universidade de Lisboa, Portugal; Laboratory for Ship and Platform Flows, Massachusetts Institute of Technology, Cambridge, MA, United States","Marques Silva J., IDMEC, Instituto Superior Técnico, Universidade de Lisboa, Portugal, Laboratory for Ship and Platform Flows, Massachusetts Institute of Technology, Cambridge, MA, United States; Vieira S.M., IDMEC, Instituto Superior Técnico, Universidade de Lisboa, Portugal; Valério D., IDMEC, Instituto Superior Técnico, Universidade de Lisboa, Portugal; Henriques J.C.C., IDMEC, Instituto Superior Técnico, Universidade de Lisboa, Portugal; Sclavounos P.D., Laboratory for Ship and Platform Flows, Massachusetts Institute of Technology, Cambridge, MA, United States","J.C.C. Henriques; IDMEC, Instituto Superior Técnico, Universidade de Lisboa, Portugal; email: joaochenriques@tecnico.ulisboa.pt","John Wiley and Sons Inc","Article","Final","","Scopus","2-s2.0-85115318126"
"Carrelhas A.A.D.; Gato L.M.C.; Henriques J.C.C.","Carrelhas, A.A.D. (57208272722); Gato, L.M.C. (7004360885); Henriques, J.C.C. (36173947400)","57208272722; 7004360885; 36173947400","Peak shaving control in OWC wave energy converters: From concept to implementation in the Mutriku wave power plant","2023","Renewable and Sustainable Energy Reviews","180","","113299","","","","5","10.1016/j.rser.2023.113299","https://www.scopus.com/inward/record.uri?eid=2-s2.0-85154614861&doi=10.1016%2fj.rser.2023.113299&partnerID=40&md5=5421ddbb6836f1865a9941352f56ffaf","IDMEC, Instituto Superior Técnico, Universidade de Lisboa, Av. Rovisco Pais 1, Lisboa, 1049-001, Portugal","Carrelhas A.A.D., IDMEC, Instituto Superior Técnico, Universidade de Lisboa, Av. Rovisco Pais 1, Lisboa, 1049-001, Portugal; Gato L.M.C., IDMEC, Instituto Superior Técnico, Universidade de Lisboa, Av. Rovisco Pais 1, Lisboa, 1049-001, Portugal; Henriques J.C.C., IDMEC, Instituto Superior Técnico, Universidade de Lisboa, Av. Rovisco Pais 1, Lisboa, 1049-001, Portugal","A.A.D. Carrelhas; IDMEC, Instituto Superior Técnico, Universidade de Lisboa, Lisboa, Av. Rovisco Pais 1, 1049-001, Portugal; email: ana.carrelhas@tecnico.ulisboa.pt","Elsevier Ltd","Article","Final","All Open Access; Hybrid Gold Open Access","Scopus","2-s2.0-85154614861"
"Scialò A.; Henriques J.C.C.; Malara G.; Falcão A.F.O.; Gato L.M.C.; Arena F.","Scialò, A. (57204392965); Henriques, J.C.C. (36173947400); Malara, G. (26633961400); Falcão, A.F.O. (23485073200); Gato, L.M.C. (7004360885); Arena, F. (7102803521)","57204392965; 36173947400; 26633961400; 23485073200; 7004360885; 7102803521","Power take-off selection for a fixed U-OWC wave power plant in the Mediterranean Sea: The case of Roccella Jonica","2021","Energy","215","","119085","","","","16","10.1016/j.energy.2020.119085","https://www.scopus.com/inward/record.uri?eid=2-s2.0-85095771743&doi=10.1016%2fj.energy.2020.119085&partnerID=40&md5=09c9f2d0ea367e224a579c53083714ac","Natural Ocean Engineering Laboratory (NOEL), DICEAM, “Mediterranea” University of Reggio Calabria, Loc. Feo di Vito, Reggio Calabria, 89122, Italy; IDMEC, Instituto Superior Técnico, Universidade de Lisboa, Av. Rovisco Pais 1, Lisboa, 1049-001, Portugal; Wavenergy.it S.r.l., Reggio Calabria, Italy","Scialò A., Natural Ocean Engineering Laboratory (NOEL), DICEAM, “Mediterranea” University of Reggio Calabria, Loc. Feo di Vito, Reggio Calabria, 89122, Italy; Henriques J.C.C., IDMEC, Instituto Superior Técnico, Universidade de Lisboa, Av. Rovisco Pais 1, Lisboa, 1049-001, Portugal; Malara G., Natural Ocean Engineering Laboratory (NOEL), DICEAM, “Mediterranea” University of Reggio Calabria, Loc. Feo di Vito, Reggio Calabria, 89122, Italy; Falcão A.F.O., IDMEC, Instituto Superior Técnico, Universidade de Lisboa, Av. Rovisco Pais 1, Lisboa, 1049-001, Portugal; Gato L.M.C., IDMEC, Instituto Superior Técnico, Universidade de Lisboa, Av. Rovisco Pais 1, Lisboa, 1049-001, Portugal; Arena F., Natural Ocean Engineering Laboratory (NOEL), DICEAM, “Mediterranea” University of Reggio Calabria, Loc. Feo di Vito, Reggio Calabria, 89122, Italy, Wavenergy.it S.r.l., Reggio Calabria, Italy","A. Scialò; Natural Ocean Engineering Laboratory (NOEL), DICEAM, “Mediterranea” University of Reggio Calabria, Reggio Calabria, Loc. Feo di Vito, 89122, Italy; email: andrea.scialo@unirc.it","Elsevier Ltd","Article","Final","","Scopus","2-s2.0-85095771743"
"Giorgi G.; Gomes R.P.F.; Henriques J.C.C.; Gato L.M.C.; Bracco G.; Mattiazzo G.","Giorgi, Giuseppe (57194196298); Gomes, Rui P.F. (26030969000); Henriques, João C.C. (36173947400); Gato, Luís M.C. (7004360885); Bracco, Giovanni (57194222652); Mattiazzo, Giuliana (6602883396)","57194196298; 26030969000; 36173947400; 7004360885; 57194222652; 6602883396","Detecting parametric resonance in a floating oscillating water column device for wave energy conversion: Numerical simulations and validation with physical model tests","2020","Applied Energy","276","","115421","","","","41","10.1016/j.apenergy.2020.115421","https://www.scopus.com/inward/record.uri?eid=2-s2.0-85087715378&doi=10.1016%2fj.apenergy.2020.115421&partnerID=40&md5=a4d9c373c941797723c687d9791f3a92","Department of Mechanical and Aerospace Engineering, Polytechnic University of Turin, Torino, 10129, Italy; IDMEC, Instituto Superior Técnico, Universidade de Lisboa, Av. Rovisco Pais 1, Lisboa, 1049-001, Portugal","Giorgi G., Department of Mechanical and Aerospace Engineering, Polytechnic University of Turin, Torino, 10129, Italy; Gomes R.P.F., IDMEC, Instituto Superior Técnico, Universidade de Lisboa, Av. Rovisco Pais 1, Lisboa, 1049-001, Portugal; Henriques J.C.C., IDMEC, Instituto Superior Técnico, Universidade de Lisboa, Av. Rovisco Pais 1, Lisboa, 1049-001, Portugal; Gato L.M.C., IDMEC, Instituto Superior Técnico, Universidade de Lisboa, Av. Rovisco Pais 1, Lisboa, 1049-001, Portugal; Bracco G., Department of Mechanical and Aerospace Engineering, Polytechnic University of Turin, Torino, 10129, Italy; Mattiazzo G., Department of Mechanical and Aerospace Engineering, Polytechnic University of Turin, Torino, 10129, Italy","G. Giorgi; Department of Mechanical and Aerospace Engineering, Polytechnic University of Turin, Torino, 10129, Italy; email: giuseppe.giorgi@polito.it","Elsevier Ltd","Article","Final","All Open Access; Hybrid Gold Open Access","Scopus","2-s2.0-85087715378"
"Gato L.M.C.; Maduro A.R.; Carrelhas A.A.D.; Henriques J.C.C.; Ferreira D.N.","Gato, L.M.C. (7004360885); Maduro, A.R. (57207642279); Carrelhas, A.A.D. (57208272722); Henriques, J.C.C. (36173947400); Ferreira, D.N. (56659095800)","7004360885; 57207642279; 57208272722; 36173947400; 56659095800","Performance improvement of the biradial self-rectifying impulse air-turbine for wave energy conversion by multi-row guide vanes: Design and experimental results","2021","Energy","216","","119110","","","","12","10.1016/j.energy.2020.119110","https://www.scopus.com/inward/record.uri?eid=2-s2.0-85096961127&doi=10.1016%2fj.energy.2020.119110&partnerID=40&md5=c011bf18f17df7f3dd07e10ff416a932","IDMEC, Instituto Superior Técnico, Universidade de Lisboa, Av. Rovisco Pais 1, Lisboa, 1049-001, Portugal; OKEANOS - Centre for Research and Development at the University of the Azores, Department of Oceanography and Fisheries, Rua Prof. Dr. Frederico Machado, Azores, Horta, 9901-862, Portugal","Gato L.M.C., IDMEC, Instituto Superior Técnico, Universidade de Lisboa, Av. Rovisco Pais 1, Lisboa, 1049-001, Portugal; Maduro A.R., IDMEC, Instituto Superior Técnico, Universidade de Lisboa, Av. Rovisco Pais 1, Lisboa, 1049-001, Portugal; Carrelhas A.A.D., IDMEC, Instituto Superior Técnico, Universidade de Lisboa, Av. Rovisco Pais 1, Lisboa, 1049-001, Portugal; Henriques J.C.C., IDMEC, Instituto Superior Técnico, Universidade de Lisboa, Av. Rovisco Pais 1, Lisboa, 1049-001, Portugal; Ferreira D.N., IDMEC, Instituto Superior Técnico, Universidade de Lisboa, Av. Rovisco Pais 1, Lisboa, 1049-001, Portugal, OKEANOS - Centre for Research and Development at the University of the Azores, Department of Oceanography and Fisheries, Rua Prof. Dr. Frederico Machado, Azores, Horta, 9901-862, Portugal","L.M.C. Gato; IDMEC, Instituto Superior Técnico, Universidade de Lisboa, Lisboa, Av. Rovisco Pais 1, 1049-001, Portugal; email: luis.gato@tecnico.ulisboa.pt","Elsevier Ltd","Article","Final","","Scopus","2-s2.0-85096961127"
"Paduano B.; Giorgi G.; Gomes R.P.F.; Pasta E.; Henriques J.C.C.; Gato L.M.C.; Mattiazzo G.","Paduano, Bruno (57209364462); Giorgi, Giuseppe (57194196298); Gomes, Rui P. F. (26030969000); Pasta, Edoardo (57218541529); Henriques, João C. C. (36173947400); Gato, Luís M. C. (7004360885); Mattiazzo, Giuliana (6602883396)","57209364462; 57194196298; 26030969000; 57218541529; 36173947400; 7004360885; 6602883396","Experimental validation and comparison of numerical models for the mooring system of a floating wave energy converter","2020","Journal of Marine Science and Engineering","8","8","565","","","","42","10.3390/JMSE8080565","https://www.scopus.com/inward/record.uri?eid=2-s2.0-85089544733&doi=10.3390%2fJMSE8080565&partnerID=40&md5=76db22c1a233e1f9084ca251c15f8364","Department of Mechanical and Aerospace Engineering, Politecnico di Torino, Torino, 10129, Italy; IDMEC, Instituto Superior Técnico, Universidade de Lisboa, Av. Rovisco Pais 1, Lisboa, 1049-001, Portugal","Paduano B., Department of Mechanical and Aerospace Engineering, Politecnico di Torino, Torino, 10129, Italy; Giorgi G., Department of Mechanical and Aerospace Engineering, Politecnico di Torino, Torino, 10129, Italy; Gomes R.P.F., IDMEC, Instituto Superior Técnico, Universidade de Lisboa, Av. Rovisco Pais 1, Lisboa, 1049-001, Portugal; Pasta E., Department of Mechanical and Aerospace Engineering, Politecnico di Torino, Torino, 10129, Italy; Henriques J.C.C., IDMEC, Instituto Superior Técnico, Universidade de Lisboa, Av. Rovisco Pais 1, Lisboa, 1049-001, Portugal; Gato L.M.C., IDMEC, Instituto Superior Técnico, Universidade de Lisboa, Av. Rovisco Pais 1, Lisboa, 1049-001, Portugal; Mattiazzo G., Department of Mechanical and Aerospace Engineering, Politecnico di Torino, Torino, 10129, Italy","B. Paduano; Department of Mechanical and Aerospace Engineering, Politecnico di Torino, Torino, 10129, Italy; email: bruno.paduano@polito.it","MDPI AG","Article","Final","All Open Access; Gold Open Access","Scopus","2-s2.0-85089544733"
"Silva J.M.; Vieira S.M.; Valério D.; Henriques J.C.C.","Silva, Jorge Marques (57878753400); Vieira, Susana M. (8542158100); Valério, Duarte (23010662200); Henriques, João C.C. (36173947400)","57878753400; 8542158100; 23010662200; 36173947400","GA-optimized inverse fuzzy model control of OWC wave power plants","2023","Renewable Energy","204","","","556","568","12","12","10.1016/j.renene.2023.01.039","https://www.scopus.com/inward/record.uri?eid=2-s2.0-85146463315&doi=10.1016%2fj.renene.2023.01.039&partnerID=40&md5=2595d6bd00967faa3b99dffb87dc8b7a","IDMEC, Instituto Superior Técnico, Universidade de Lisboa, Av. Rovisco Pais 1, Lisbon, 1049-001, Portugal","Silva J.M., IDMEC, Instituto Superior Técnico, Universidade de Lisboa, Av. Rovisco Pais 1, Lisbon, 1049-001, Portugal; Vieira S.M., IDMEC, Instituto Superior Técnico, Universidade de Lisboa, Av. Rovisco Pais 1, Lisbon, 1049-001, Portugal; Valério D., IDMEC, Instituto Superior Técnico, Universidade de Lisboa, Av. Rovisco Pais 1, Lisbon, 1049-001, Portugal; Henriques J.C.C., IDMEC, Instituto Superior Técnico, Universidade de Lisboa, Av. Rovisco Pais 1, Lisbon, 1049-001, Portugal","J.M. Silva; IDMEC, Instituto Superior Técnico, Universidade de Lisboa, Lisbon, Av. Rovisco Pais 1, 1049-001, Portugal; email: jorge.marques.silva@tecnico.ulisboa.pt","Elsevier Ltd","Article","Final","All Open Access; Hybrid Gold Open Access","Scopus","2-s2.0-85146463315"
"Zabala I.; Henriques J.C.C.; Blanco J.M.; Gomez A.; Gato L.M.C.; Bidaguren I.; Falcão A.F.O.; Amezaga A.; Gomes R.P.F.","Zabala, I. (57202846230); Henriques, J.C.C. (36173947400); Blanco, J.M. (35609652200); Gomez, A. (57209130930); Gato, L.M.C. (7004360885); Bidaguren, I. (57208908288); Falcão, A.F.O. (23485073200); Amezaga, A. (58246051300); Gomes, R.P.F. (26030969000)","57202846230; 36173947400; 35609652200; 57209130930; 7004360885; 57208908288; 23485073200; 58246051300; 26030969000","Wave-induced real-fluid effects in marine energy converters: Review and application to OWC devices","2019","Renewable and Sustainable Energy Reviews","111","","","535","549","14","30","10.1016/j.rser.2019.05.025","https://www.scopus.com/inward/record.uri?eid=2-s2.0-85066064377&doi=10.1016%2fj.rser.2019.05.025&partnerID=40&md5=62c4859a33e2c52060ec592bd9553f92","SENER Ingeniería y Sistemas, S.A. Av. Zugazarte 56, Getxo, Spain; LAETA, IDMEC, Instituto Superior Técnico, Universidade de Lisboa, Av. Rovisco Pais, Lisboa, 1049-001, Portugal; Euskal Herriko Unibertsitatea, Plaza Ingeniero Torres Quevedo, 1, Edif. I, Bilbao, 48993, Spain","Zabala I., SENER Ingeniería y Sistemas, S.A. Av. Zugazarte 56, Getxo, Spain, Euskal Herriko Unibertsitatea, Plaza Ingeniero Torres Quevedo, 1, Edif. I, Bilbao, 48993, Spain; Henriques J.C.C., LAETA, IDMEC, Instituto Superior Técnico, Universidade de Lisboa, Av. Rovisco Pais, Lisboa, 1049-001, Portugal; Blanco J.M., Euskal Herriko Unibertsitatea, Plaza Ingeniero Torres Quevedo, 1, Edif. I, Bilbao, 48993, Spain; Gomez A., SENER Ingeniería y Sistemas, S.A. Av. Zugazarte 56, Getxo, Spain; Gato L.M.C., LAETA, IDMEC, Instituto Superior Técnico, Universidade de Lisboa, Av. Rovisco Pais, Lisboa, 1049-001, Portugal; Bidaguren I., Euskal Herriko Unibertsitatea, Plaza Ingeniero Torres Quevedo, 1, Edif. I, Bilbao, 48993, Spain; Falcão A.F.O., LAETA, IDMEC, Instituto Superior Técnico, Universidade de Lisboa, Av. Rovisco Pais, Lisboa, 1049-001, Portugal; Amezaga A., SENER Ingeniería y Sistemas, S.A. Av. Zugazarte 56, Getxo, Spain; Gomes R.P.F., LAETA, IDMEC, Instituto Superior Técnico, Universidade de Lisboa, Av. Rovisco Pais, Lisboa, 1049-001, Portugal","I. Zabala; SENER Ingeniería y Sistemas, Getxo, S.A. Av. Zugazarte 56, Spain; email: inaki.zabala@sener.es","Elsevier Ltd","Article","Final","","Scopus","2-s2.0-85066064377"
"Portillo J.C.C.; Reis P.F.; Henriques J.C.C.; Gato L.M.C.; Falcão A.F.O.","Portillo, J.C.C. (56970941300); Reis, P.F. (57209100403); Henriques, J.C.C. (36173947400); Gato, L.M.C. (7004360885); Falcão, A.F.O. (23485073200)","56970941300; 57209100403; 36173947400; 7004360885; 23485073200","Backward bent-duct buoy or frontward bent-duct buoy? Review, assessment and optimisation","2019","Renewable and Sustainable Energy Reviews","112","","","353","368","15","20","10.1016/j.rser.2019.05.026","https://www.scopus.com/inward/record.uri?eid=2-s2.0-85066475113&doi=10.1016%2fj.rser.2019.05.026&partnerID=40&md5=84cf21ae9cd3bd2911926d21e8c0f9eb","IDMEC, Instituto Superior Técnico, Universidade de Lisboa, Av. Rovisco Pais 1, Lisboa, 1049-001, Portugal","Portillo J.C.C., IDMEC, Instituto Superior Técnico, Universidade de Lisboa, Av. Rovisco Pais 1, Lisboa, 1049-001, Portugal; Reis P.F., IDMEC, Instituto Superior Técnico, Universidade de Lisboa, Av. Rovisco Pais 1, Lisboa, 1049-001, Portugal; Henriques J.C.C., IDMEC, Instituto Superior Técnico, Universidade de Lisboa, Av. Rovisco Pais 1, Lisboa, 1049-001, Portugal; Gato L.M.C., IDMEC, Instituto Superior Técnico, Universidade de Lisboa, Av. Rovisco Pais 1, Lisboa, 1049-001, Portugal; Falcão A.F.O., IDMEC, Instituto Superior Técnico, Universidade de Lisboa, Av. Rovisco Pais 1, Lisboa, 1049-001, Portugal","J.C.C. Portillo; IDMEC, Instituto Superior Técnico, Universidade de Lisboa, Lisboa, Av. Rovisco Pais 1, 1049-001, Portugal; email: juan.portillo@tecnico.ulisboa.pt","Elsevier Ltd","Article","Final","","Scopus","2-s2.0-85066475113"
"Rosati M.; Henriques J.C.C.; Ringwood J.V.","Rosati, M. (57326068000); Henriques, J.C.C. (36173947400); Ringwood, J.V. (6603725188)","57326068000; 36173947400; 6603725188","Oscillating-water-column wave energy converters: A critical review of numerical modelling and control","2022","Energy Conversion and Management: X","16","","100322","","","","24","10.1016/j.ecmx.2022.100322","https://www.scopus.com/inward/record.uri?eid=2-s2.0-85141991057&doi=10.1016%2fj.ecmx.2022.100322&partnerID=40&md5=a12887fb8a8acfa278e6f72736461635","Centre for Ocean Energy Research (COER), Maynooth University, Co. Kildare, Ireland; IDMEC, Instituto Superior Técnico, Department of Mechanical Eng., Universidade de Lisboa, Av. Rovisco Pais, Lisboa, 1049-001, Portugal","Rosati M., Centre for Ocean Energy Research (COER), Maynooth University, Co. Kildare, Ireland; Henriques J.C.C., IDMEC, Instituto Superior Técnico, Department of Mechanical Eng., Universidade de Lisboa, Av. Rovisco Pais, Lisboa, 1049-001, Portugal; Ringwood J.V., Centre for Ocean Energy Research (COER), Maynooth University, Co. Kildare, Ireland","M. Rosati; Centre for Ocean Energy Research (COER), Maynooth University, Co. Kildare, Ireland; email: marco.rosati.2021@mumail.ie","Elsevier Ltd","Review","Final","All Open Access; Gold Open Access","Scopus","2-s2.0-85141991057"
"Gomes R.P.F.; Gato L.M.C.; Henriques J.C.C.; Portillo J.C.C.; Howey B.D.; Collins K.M.; Hann M.R.; Greaves D.M.","Gomes, Rui P.F. (26030969000); Gato, Luís M.C. (7004360885); Henriques, João C.C. (36173947400); Portillo, Juan C.C. (56970941300); Howey, Ben D. (57197705559); Collins, Keri M. (52063145800); Hann, Martyn R. (55851687200); Greaves, Deborah M. (7102627638)","26030969000; 7004360885; 36173947400; 56970941300; 57197705559; 52063145800; 55851687200; 7102627638","Compact floating wave energy converters arrays: Mooring loads and survivability through scale physical modelling","2020","Applied Energy","280","","115982","","","","26","10.1016/j.apenergy.2020.115982","https://www.scopus.com/inward/record.uri?eid=2-s2.0-85092482461&doi=10.1016%2fj.apenergy.2020.115982&partnerID=40&md5=88d8bece2f38d527be2bfecc2f578284","IDMEC, Instituto Superior Técnico, Universidade de Lisboa, Av. Rovisco Pais 1, Lisboa, 1049-001, Portugal; School of Engineering, Computing and Mathematics, University of Plymouth, Drake Circus, Plymouth, PL4 8AA, United Kingdom","Gomes R.P.F., IDMEC, Instituto Superior Técnico, Universidade de Lisboa, Av. Rovisco Pais 1, Lisboa, 1049-001, Portugal; Gato L.M.C., IDMEC, Instituto Superior Técnico, Universidade de Lisboa, Av. Rovisco Pais 1, Lisboa, 1049-001, Portugal; Henriques J.C.C., IDMEC, Instituto Superior Técnico, Universidade de Lisboa, Av. Rovisco Pais 1, Lisboa, 1049-001, Portugal; Portillo J.C.C., IDMEC, Instituto Superior Técnico, Universidade de Lisboa, Av. Rovisco Pais 1, Lisboa, 1049-001, Portugal; Howey B.D., School of Engineering, Computing and Mathematics, University of Plymouth, Drake Circus, Plymouth, PL4 8AA, United Kingdom; Collins K.M., School of Engineering, Computing and Mathematics, University of Plymouth, Drake Circus, Plymouth, PL4 8AA, United Kingdom; Hann M.R., School of Engineering, Computing and Mathematics, University of Plymouth, Drake Circus, Plymouth, PL4 8AA, United Kingdom; Greaves D.M., School of Engineering, Computing and Mathematics, University of Plymouth, Drake Circus, Plymouth, PL4 8AA, United Kingdom","R.P.F. Gomes; IDMEC, Instituto Superior Técnico, Universidade de Lisboa, Lisboa, Av. Rovisco Pais 1, 1049-001, Portugal; email: ruigomes@tecnico.ulisboa.pt","Elsevier Ltd","Article","Final","All Open Access; Green Open Access","Scopus","2-s2.0-85092482461"
"Giorgi G.; Gomes R.P.F.; Bracco G.; Mattiazzo G.","Giorgi, Giuseppe (57194196298); Gomes, Rui P. F. (26030969000); Bracco, Giovanni (57194222652); Mattiazzo, Giuliana (6602883396)","57194196298; 26030969000; 57194222652; 6602883396","Numerical investigation of parametric resonance due to hydrodynamic coupling in a realistic wave energy converter","2020","Nonlinear Dynamics","101","1","","153","170","17","30","10.1007/s11071-020-05739-8","https://www.scopus.com/inward/record.uri?eid=2-s2.0-85086856524&doi=10.1007%2fs11071-020-05739-8&partnerID=40&md5=4b4e6ac1cfb6238eafcc86c5c5157fea","Department of Mechanical and Aerospace Engineering, Politecnico di Torino, Turin, 10129, Italy; IDMEC, Instituto Superior Técnico, Universidade de Lisboa, Av. Rovisco Pais 1, Lisbon, 1049-001, Portugal","Giorgi G., Department of Mechanical and Aerospace Engineering, Politecnico di Torino, Turin, 10129, Italy; Gomes R.P.F., IDMEC, Instituto Superior Técnico, Universidade de Lisboa, Av. Rovisco Pais 1, Lisbon, 1049-001, Portugal; Bracco G., Department of Mechanical and Aerospace Engineering, Politecnico di Torino, Turin, 10129, Italy; Mattiazzo G., Department of Mechanical and Aerospace Engineering, Politecnico di Torino, Turin, 10129, Italy","G. Giorgi; Department of Mechanical and Aerospace Engineering, Politecnico di Torino, Turin, 10129, Italy; email: giuseppe.giorgi@polito.it","Springer Science and Business Media B.V.","Article","Final","All Open Access; Green Open Access; Hybrid Gold Open Access","Scopus","2-s2.0-85086856524"
"Carrelhas A.A.D.; Gato L.M.C.; Falcão A.F.O.; Henriques J.C.C.","Carrelhas, A.A.D. (57208272722); Gato, L.M.C. (7004360885); Falcão, A.F.O. (23485073200); Henriques, J.C.C. (36173947400)","57208272722; 7004360885; 23485073200; 36173947400","Control law design for the air-turbine-generator set of a fully submerged 1.5 MW mWave prototype. Part 2: Experimental validation","2021","Renewable Energy","171","","","1002","1013","11","10","10.1016/j.renene.2021.02.128","https://www.scopus.com/inward/record.uri?eid=2-s2.0-85102264196&doi=10.1016%2fj.renene.2021.02.128&partnerID=40&md5=5963f6995a98bb9605c1dc9120ca333c","IDMEC, Instituto Superior Técnico, Universidade de Lisboa, Av. Rovisco Pais 1, Lisboa, 1049-001, Portugal","Carrelhas A.A.D., IDMEC, Instituto Superior Técnico, Universidade de Lisboa, Av. Rovisco Pais 1, Lisboa, 1049-001, Portugal; Gato L.M.C., IDMEC, Instituto Superior Técnico, Universidade de Lisboa, Av. Rovisco Pais 1, Lisboa, 1049-001, Portugal; Falcão A.F.O., IDMEC, Instituto Superior Técnico, Universidade de Lisboa, Av. Rovisco Pais 1, Lisboa, 1049-001, Portugal; Henriques J.C.C., IDMEC, Instituto Superior Técnico, Universidade de Lisboa, Av. Rovisco Pais 1, Lisboa, 1049-001, Portugal","L.M.C. Gato; IDMEC, Instituto Superior Técnico, Universidade de Lisboa, Lisboa, Av. Rovisco Pais 1, 1049-001, Portugal; email: luis.gato@tecnico.ulisboa.pt","Elsevier Ltd","Article","Final","","Scopus","2-s2.0-85102264196"
"Oikonomou C.L.G.; Gomes R.P.F.; Gato L.M.C.; Falcão A.F.O.","Oikonomou, C.L.G. (57212473842); Gomes, R.P.F. (26030969000); Gato, L.M.C. (7004360885); Falcão, A.F.O. (23485073200)","57212473842; 26030969000; 7004360885; 23485073200","On the dynamics of an array of spar-buoy oscillating water column devices with inter-body mooring connections","2020","Renewable Energy","148","","","309","325","16","23","10.1016/j.renene.2019.11.097","https://www.scopus.com/inward/record.uri?eid=2-s2.0-85076767649&doi=10.1016%2fj.renene.2019.11.097&partnerID=40&md5=b73e760728f01d35fcaacea29d6eaf8f","IDMEC, Instituto Superior Técnico, Universidade de Lisboa, Av. Rovisco Pais, Lisboa, 1049-001, Portugal","Oikonomou C.L.G., IDMEC, Instituto Superior Técnico, Universidade de Lisboa, Av. Rovisco Pais, Lisboa, 1049-001, Portugal; Gomes R.P.F., IDMEC, Instituto Superior Técnico, Universidade de Lisboa, Av. Rovisco Pais, Lisboa, 1049-001, Portugal; Gato L.M.C., IDMEC, Instituto Superior Técnico, Universidade de Lisboa, Av. Rovisco Pais, Lisboa, 1049-001, Portugal; Falcão A.F.O., IDMEC, Instituto Superior Técnico, Universidade de Lisboa, Av. Rovisco Pais, Lisboa, 1049-001, Portugal","C.L.G. Oikonomou; IDMEC, Instituto Superior Técnico, Universidade de Lisboa, Lisboa, Av. Rovisco Pais, 1049-001, Portugal; email: charikleiaoikonomou@tecnico.ulisboa.pt","Elsevier Ltd","Article","Final","","Scopus","2-s2.0-85076767649"
"Governo A.F.L.; Henriques J.C.C.; Gato L.M.C.","Governo, A.F.L. (59129664800); Henriques, J.C.C. (36173947400); Gato, L.M.C. (7004360885)","59129664800; 36173947400; 7004360885","Modelling mooring line snap loads using a high-order finite-volume approach","2023","Ocean Engineering","275","","113803","","","","2","10.1016/j.oceaneng.2023.113803","https://www.scopus.com/inward/record.uri?eid=2-s2.0-85150030031&doi=10.1016%2fj.oceaneng.2023.113803&partnerID=40&md5=530eb91540cefbfd39f63e843ae485a0","IDMEC, Instituto Superior Técnico, Universidade de Lisboa, Av. Rovisco Pais 1, Lisboa, 1049-001, Portugal","Governo A.F.L., IDMEC, Instituto Superior Técnico, Universidade de Lisboa, Av. Rovisco Pais 1, Lisboa, 1049-001, Portugal; Henriques J.C.C., IDMEC, Instituto Superior Técnico, Universidade de Lisboa, Av. Rovisco Pais 1, Lisboa, 1049-001, Portugal; Gato L.M.C., IDMEC, Instituto Superior Técnico, Universidade de Lisboa, Av. Rovisco Pais 1, Lisboa, 1049-001, Portugal","J.C.C. Henriques; IDMEC, Instituto Superior Técnico, Universidade de Lisboa, Lisboa, Av. Rovisco Pais 1, 1049-001, Portugal; email: joaochenriques@tecnico.ulisboa.pt","Elsevier Ltd","Article","Final","All Open Access; Hybrid Gold Open Access","Scopus","2-s2.0-85150030031"
"Falcão A.F.O.; Henriques J.C.C.","Falcão, António F.O. (23485073200); Henriques, João C.C. (36173947400)","23485073200; 36173947400","The spring-like air compressibility effect in oscillating-water-column wave energy converters: Review and analyses","2019","Renewable and Sustainable Energy Reviews","112","","","483","498","15","55","10.1016/j.rser.2019.04.040","https://www.scopus.com/inward/record.uri?eid=2-s2.0-85066875479&doi=10.1016%2fj.rser.2019.04.040&partnerID=40&md5=d56179455628d5e2f296abd2c486050c","IDMEC/LAETA, Instituto Superior Técnico, Universidade de Lisboa, Av. Rovisco Pais 1, Lisbon, 1049-001, Portugal","Falcão A.F.O., IDMEC/LAETA, Instituto Superior Técnico, Universidade de Lisboa, Av. Rovisco Pais 1, Lisbon, 1049-001, Portugal; Henriques J.C.C., IDMEC/LAETA, Instituto Superior Técnico, Universidade de Lisboa, Av. Rovisco Pais 1, Lisbon, 1049-001, Portugal","A.F.O. Falcão; IDMEC/LAETA, Instituto Superior Técnico, Universidade de Lisboa, Lisbon, Av. Rovisco Pais 1, 1049-001, Portugal; email: antonio.falcao@tecnico.ulisboa.pt","Elsevier Ltd","Article","Final","","Scopus","2-s2.0-85066875479"
"Oikonomou C.L.G.; Gomes R.P.F.; Gato L.M.C.","Oikonomou, Charikleia L.G. (57212473842); Gomes, Rui P.F. (26030969000); Gato, Luís M.C. (7004360885)","57212473842; 26030969000; 7004360885","Unveiling the potential of using a spar-buoy oscillating-water-column wave energy converter for low-power stand-alone applications","2021","Applied Energy","292","","116835","","","","22","10.1016/j.apenergy.2021.116835","https://www.scopus.com/inward/record.uri?eid=2-s2.0-85103754362&doi=10.1016%2fj.apenergy.2021.116835&partnerID=40&md5=ee1b6bbb38fccf809a9ae21fc2578151","IDMEC, Instituto Superior Técnico, Universidade de Lisboa, Av. Rovisco Pais 1, Lisbon, 1049-001, Portugal","Oikonomou C.L.G., IDMEC, Instituto Superior Técnico, Universidade de Lisboa, Av. Rovisco Pais 1, Lisbon, 1049-001, Portugal; Gomes R.P.F., IDMEC, Instituto Superior Técnico, Universidade de Lisboa, Av. Rovisco Pais 1, Lisbon, 1049-001, Portugal; Gato L.M.C., IDMEC, Instituto Superior Técnico, Universidade de Lisboa, Av. Rovisco Pais 1, Lisbon, 1049-001, Portugal","L.M.C. Gato; IDMEC, Instituto Superior Técnico, Universidade de Lisboa, Lisbon, Av. Rovisco Pais 1, 1049-001, Portugal; email: luis.gato@tecnico.ulisboa.pt","Elsevier Ltd","Article","Final","","Scopus","2-s2.0-85103754362"
"Gomes R.P.F.; Henriques J.C.C.; Gato L.M.C.; Falcão A.F.O.","Gomes, R.P.F. (26030969000); Henriques, J.C.C. (36173947400); Gato, L.M.C. (7004360885); Falcão, A.F.O. (23485073200)","26030969000; 36173947400; 7004360885; 23485073200","Time-domain simulation of a slack-moored floating oscillating water column and validation with physical model tests","2020","Renewable Energy","149","","","165","180","15","49","10.1016/j.renene.2019.11.159","https://www.scopus.com/inward/record.uri?eid=2-s2.0-85076672424&doi=10.1016%2fj.renene.2019.11.159&partnerID=40&md5=79301117db31c174a828706818899f96","IDMEC, Instituto Superior Técnico, Universidade de Lisboa, Av. Rovisco Pais 1, Lisboa, 1049-001, Portugal","Gomes R.P.F., IDMEC, Instituto Superior Técnico, Universidade de Lisboa, Av. Rovisco Pais 1, Lisboa, 1049-001, Portugal; Henriques J.C.C., IDMEC, Instituto Superior Técnico, Universidade de Lisboa, Av. Rovisco Pais 1, Lisboa, 1049-001, Portugal; Gato L.M.C., IDMEC, Instituto Superior Técnico, Universidade de Lisboa, Av. Rovisco Pais 1, Lisboa, 1049-001, Portugal; Falcão A.F.O., IDMEC, Instituto Superior Técnico, Universidade de Lisboa, Av. Rovisco Pais 1, Lisboa, 1049-001, Portugal","R.P.F. Gomes; IDMEC, Instituto Superior Técnico, Universidade de Lisboa, Lisboa, Av. Rovisco Pais 1, 1049-001, Portugal; email: ruigomes@tecnico.ulisboa.pt","Elsevier Ltd","Article","Final","","Scopus","2-s2.0-85076672424"
"Davidson J.; Henriques J.C.C.; Gomes R.P.F.; Galeazzi R.","Davidson, Josh (56421137900); Henriques, João C. C. (36173947400); Gomes, Rui P. F. (26030969000); Galeazzi, Roberto (34879594900)","56421137900; 36173947400; 26030969000; 34879594900","Opening the air-chamber of an oscillating water column spar buoy wave energy converter to avoid parametric resonance","2021","IET Renewable Power Generation","15","14","","3109","3125","16","4","10.1049/rpg2.12204","https://www.scopus.com/inward/record.uri?eid=2-s2.0-85106603023&doi=10.1049%2frpg2.12204&partnerID=40&md5=3c85e7935486d4e7559bb7d67480036b","Department of Fluid Mechanics, Faculty of Mechanical Engineering Budapest University of Technology and Economics, Budapest, Hungary; IDMEC, Instituto Superior Técnico, Universidade de Lisboa, Lisbon, Portugal; Department of Electrical Engineering, Technical University of Denmark, Lyngby, Denmark","Davidson J., Department of Fluid Mechanics, Faculty of Mechanical Engineering Budapest University of Technology and Economics, Budapest, Hungary; Henriques J.C.C., IDMEC, Instituto Superior Técnico, Universidade de Lisboa, Lisbon, Portugal; Gomes R.P.F., IDMEC, Instituto Superior Técnico, Universidade de Lisboa, Lisbon, Portugal; Galeazzi R., Department of Electrical Engineering, Technical University of Denmark, Lyngby, Denmark","R. Galeazzi; Department of Electrical Engineering, Technical University of Denmark, Lyngby, Denmark; email: davidson@ara.bme.hu","John Wiley and Sons Inc","Article","Final","All Open Access; Green Open Access","Scopus","2-s2.0-85106603023"
"Portillo J.C.C.; Gato L.M.C.; Henriques J.C.C.; Falcão A.F.O.","Portillo, J.C.C. (56970941300); Gato, L.M.C. (7004360885); Henriques, J.C.C. (36173947400); Falcão, A.F.O. (23485073200)","56970941300; 7004360885; 36173947400; 23485073200","Implications of spring-like air compressibility effects in floating coaxial-duct OWCs: Experimental and numerical investigation","2023","Renewable Energy","212","","","478","491","13","3","10.1016/j.renene.2023.04.143","https://www.scopus.com/inward/record.uri?eid=2-s2.0-85159864591&doi=10.1016%2fj.renene.2023.04.143&partnerID=40&md5=a3514be09621a8ed15d5af66f9212d1d","IDMEC, Instituto Superior Técnico, Universidade de Lisboa, Av. Rovisco Pais 1, Lisbon, 1049-001, Portugal","Portillo J.C.C., IDMEC, Instituto Superior Técnico, Universidade de Lisboa, Av. Rovisco Pais 1, Lisbon, 1049-001, Portugal; Gato L.M.C., IDMEC, Instituto Superior Técnico, Universidade de Lisboa, Av. Rovisco Pais 1, Lisbon, 1049-001, Portugal; Henriques J.C.C., IDMEC, Instituto Superior Técnico, Universidade de Lisboa, Av. Rovisco Pais 1, Lisbon, 1049-001, Portugal; Falcão A.F.O., IDMEC, Instituto Superior Técnico, Universidade de Lisboa, Av. Rovisco Pais 1, Lisbon, 1049-001, Portugal","J.C.C. Portillo; IDMEC, Instituto Superior Técnico, Universidade de Lisboa, Lisbon, Av. Rovisco Pais 1, 1049-001, Portugal; email: juan.portillo@tecnico.ulisboa.pt","Elsevier Ltd","Article","Final","All Open Access; Hybrid Gold Open Access","Scopus","2-s2.0-85159864591"
"Ribeiro e Silva S.; Gomes R.P.F.; Lopes B.S.; Carrelhas A.A.D.; Gato L.M.C.; Henriques J.C.C.; Gordo J.M.; Falcão A.F.O.","Ribeiro e Silva, S. (8326956700); Gomes, R.P.F. (26030969000); Lopes, B.S. (57205304774); Carrelhas, A.A.D. (57208272722); Gato, L.M.C. (7004360885); Henriques, J.C.C. (36173947400); Gordo, J.M. (6603900980); Falcão, A.F.O. (23485073200)","8326956700; 26030969000; 57205304774; 57208272722; 7004360885; 36173947400; 6603900980; 23485073200","Model testing of a floating wave energy converter with an internal U-shaped oscillating water column","2021","Energy Conversion and Management","240","","114211","","","","8","10.1016/j.enconman.2021.114211","https://www.scopus.com/inward/record.uri?eid=2-s2.0-85110481593&doi=10.1016%2fj.enconman.2021.114211&partnerID=40&md5=5774ad4881ce03383b7dcbd23e26bb4c","CENTEC, Instituto Superior Técnico, Universidade de Lisboa, Av. Rovisco Pais 1, Lisboa, 1049-001, Portugal; IDMEC, Instituto Superior Técnico, Universidade de Lisboa, Av. Rovisco Pais 1, Lisboa, 1049-001, Portugal","Ribeiro e Silva S., CENTEC, Instituto Superior Técnico, Universidade de Lisboa, Av. Rovisco Pais 1, Lisboa, 1049-001, Portugal; Gomes R.P.F., IDMEC, Instituto Superior Técnico, Universidade de Lisboa, Av. Rovisco Pais 1, Lisboa, 1049-001, Portugal; Lopes B.S., IDMEC, Instituto Superior Técnico, Universidade de Lisboa, Av. Rovisco Pais 1, Lisboa, 1049-001, Portugal; Carrelhas A.A.D., IDMEC, Instituto Superior Técnico, Universidade de Lisboa, Av. Rovisco Pais 1, Lisboa, 1049-001, Portugal; Gato L.M.C., IDMEC, Instituto Superior Técnico, Universidade de Lisboa, Av. Rovisco Pais 1, Lisboa, 1049-001, Portugal; Henriques J.C.C., IDMEC, Instituto Superior Técnico, Universidade de Lisboa, Av. Rovisco Pais 1, Lisboa, 1049-001, Portugal; Gordo J.M., CENTEC, Instituto Superior Técnico, Universidade de Lisboa, Av. Rovisco Pais 1, Lisboa, 1049-001, Portugal; Falcão A.F.O., IDMEC, Instituto Superior Técnico, Universidade de Lisboa, Av. Rovisco Pais 1, Lisboa, 1049-001, Portugal","R.P.F. Gomes; IDMEC, Instituto Superior Técnico, Universidade de Lisboa, Lisboa, Av. Rovisco Pais 1, 1049-001, Portugal; email: ruigomes@tecnico.ulisboa.pt","Elsevier Ltd","Article","Final","","Scopus","2-s2.0-85110481593"
"Gato L.M.C.; Henriques J.C.C.; Carrelhas A.A.D.","Gato, L.M.C. (7004360885); Henriques, J.C.C. (36173947400); Carrelhas, A.A.D. (57208272722)","7004360885; 36173947400; 57208272722","Sea trial results of the biradial and Wells turbines at Mutriku wave power plant","2022","Energy Conversion and Management","268","","115936","","","","12","10.1016/j.enconman.2022.115936","https://www.scopus.com/inward/record.uri?eid=2-s2.0-85135420112&doi=10.1016%2fj.enconman.2022.115936&partnerID=40&md5=9fe826f2f2619280617e5fdd4894f331","LAETA, IDMEC, Instituto Superior Técnico, Universidade de Lisboa, Av. Rovisco Pais, Lisboa, 1049-001, Portugal","Gato L.M.C., LAETA, IDMEC, Instituto Superior Técnico, Universidade de Lisboa, Av. Rovisco Pais, Lisboa, 1049-001, Portugal; Henriques J.C.C., LAETA, IDMEC, Instituto Superior Técnico, Universidade de Lisboa, Av. Rovisco Pais, Lisboa, 1049-001, Portugal; Carrelhas A.A.D., LAETA, IDMEC, Instituto Superior Técnico, Universidade de Lisboa, Av. Rovisco Pais, Lisboa, 1049-001, Portugal","L.M.C. Gato; LAETA, IDMEC, Instituto Superior Técnico, Universidade de Lisboa, Lisboa, Av. Rovisco Pais, 1049-001, Portugal; email: luis.gato@tecnico.ulisboa.pt","Elsevier Ltd","Article","Final","All Open Access; Hybrid Gold Open Access","Scopus","2-s2.0-85135420112"
"Kelly T.; Zabala I.; Peña-Sanchez Y.; Penalba M.; Ringwood J.V.; Henriques J.C.C.; Blanco J.M.","Kelly, Thomas (57196629285); Zabala, Iñaki (57202846230); Peña-Sanchez, Yerai (57200690246); Penalba, Markel (57190173438); Ringwood, John V. (6603725188); Henriques, João C. C. (36173947400); Blanco, Jesús M. (35609652200)","57196629285; 57202846230; 57200690246; 57190173438; 6603725188; 36173947400; 35609652200","A post-processing technique for removing ‘irregular frequencies’ and other issues in the results from BEM solvers","2022","International Marine Energy Journal","5","1","","123","131","8","2","10.36688/imej.5.123-131","https://www.scopus.com/inward/record.uri?eid=2-s2.0-85133125548&doi=10.36688%2fimej.5.123-131&partnerID=40&md5=ca522ce5bb0099727af55cc2c66a16d2","Centre for Renewable Energy at Dundalk IT, Ireland; SENER Inge-niería y Sistemas, S.A., Av. Zugazarte 56, Getxo, 48930, Spain; Centre for Ocean Energy Research (COER), Maynooth University, Co. Kildare, Ireland; Mon-dragon University, Loramendi Kalea, 4, Arrasate, 20500, Spain; IDMEC, Instituto Superior Técnico, Universidade de Lisboa, Av. Rovisco Pais, Lisboa, 1049-001, Portugal; University of the Basque Country (UPV/EHU), Plaza Ingeniero Torres Quevedo 1, Bilbao, 48130, Spain","Kelly T., Centre for Renewable Energy at Dundalk IT, Ireland; Zabala I., SENER Inge-niería y Sistemas, S.A., Av. Zugazarte 56, Getxo, 48930, Spain; Peña-Sanchez Y., Centre for Ocean Energy Research (COER), Maynooth University, Co. Kildare, Ireland; Penalba M., Mon-dragon University, Loramendi Kalea, 4, Arrasate, 20500, Spain; Ringwood J.V., Centre for Ocean Energy Research (COER), Maynooth University, Co. Kildare, Ireland; Henriques J.C.C., IDMEC, Instituto Superior Técnico, Universidade de Lisboa, Av. Rovisco Pais, Lisboa, 1049-001, Portugal; Blanco J.M., University of the Basque Country (UPV/EHU), Plaza Ingeniero Torres Quevedo 1, Bilbao, 48130, Spain","","European Wave and Tidal Energy Conference","Article","Final","All Open Access; Gold Open Access; Green Open Access","Scopus","2-s2.0-85133125548"
"Portillo J.C.C.; Collins K.M.; Gomes R.P.F.; Henriques J.C.C.; Gato L.M.C.; Howey B.D.; Hann M.R.; Greaves D.M.; Falcão A.F.O.","Portillo, J.C.C. (56970941300); Collins, K.M. (52063145800); Gomes, R.P.F. (26030969000); Henriques, J.C.C. (36173947400); Gato, L.M.C. (7004360885); Howey, B.D. (57197705559); Hann, M.R. (55851687200); Greaves, D.M. (7102627638); Falcão, A.F.O. (23485073200)","56970941300; 52063145800; 26030969000; 36173947400; 7004360885; 57197705559; 55851687200; 7102627638; 23485073200","Wave energy converter physical model design and testing: The case of floating oscillating-water-columns","2020","Applied Energy","278","","115638","","","","32","10.1016/j.apenergy.2020.115638","https://www.scopus.com/inward/record.uri?eid=2-s2.0-85089229929&doi=10.1016%2fj.apenergy.2020.115638&partnerID=40&md5=6f138247cc3202718ab5f44e9acd0495","IDMEC, Instituto Superior Técnico, Universidade de Lisboa, Av. Rovisco Pais 1, Lisboa, 1049-001, Portugal; University of Plymouth, Drake Circus, PL4 8AA, United Kingdom","Portillo J.C.C., IDMEC, Instituto Superior Técnico, Universidade de Lisboa, Av. Rovisco Pais 1, Lisboa, 1049-001, Portugal; Collins K.M., University of Plymouth, Drake Circus, PL4 8AA, United Kingdom; Gomes R.P.F., IDMEC, Instituto Superior Técnico, Universidade de Lisboa, Av. Rovisco Pais 1, Lisboa, 1049-001, Portugal; Henriques J.C.C., IDMEC, Instituto Superior Técnico, Universidade de Lisboa, Av. Rovisco Pais 1, Lisboa, 1049-001, Portugal; Gato L.M.C., IDMEC, Instituto Superior Técnico, Universidade de Lisboa, Av. Rovisco Pais 1, Lisboa, 1049-001, Portugal; Howey B.D., University of Plymouth, Drake Circus, PL4 8AA, United Kingdom; Hann M.R., University of Plymouth, Drake Circus, PL4 8AA, United Kingdom; Greaves D.M., University of Plymouth, Drake Circus, PL4 8AA, United Kingdom; Falcão A.F.O., IDMEC, Instituto Superior Técnico, Universidade de Lisboa, Av. Rovisco Pais 1, Lisboa, 1049-001, Portugal","J.C.C. Portillo; IDMEC, Instituto Superior Técnico, Universidade de Lisboa, Lisboa, Av. Rovisco Pais 1, 1049-001, Portugal; email: juan.portillo@tecnico.ulisboa.pt","Elsevier Ltd","Article","Final","All Open Access; Green Open Access","Scopus","2-s2.0-85089229929"
"Carrelhas A.A.D.; Gato L.M.C.; Henriques J.C.C.; Falcão A.F.O.; Varandas J.","Carrelhas, A.A.D. (57208272722); Gato, L.M.C. (7004360885); Henriques, J.C.C. (36173947400); Falcão, A.F.O. (23485073200); Varandas, J. (57208273789)","57208272722; 7004360885; 36173947400; 23485073200; 57208273789","Test results of a 30 kW self-rectifying biradial air turbine-generator prototype","2019","Renewable and Sustainable Energy Reviews","109","","","187","198","11","40","10.1016/j.rser.2019.04.008","https://www.scopus.com/inward/record.uri?eid=2-s2.0-85064323702&doi=10.1016%2fj.rser.2019.04.008&partnerID=40&md5=50f2785c7616fb3b0a426fee8512b4e3","IDMEC, Instituto Superior Técnico, Universidade de Lisboa, Av. Rovisco Pais 1, Lisboa, 1049-001, Portugal; Kymaner - Tecnologias Energéticas, Lda. Estrada do Paço do Lumiar, Campus do Lumiar, Edfi. D R/C, Sala, Lisboa, 1026, Portugal","Carrelhas A.A.D., IDMEC, Instituto Superior Técnico, Universidade de Lisboa, Av. Rovisco Pais 1, Lisboa, 1049-001, Portugal; Gato L.M.C., IDMEC, Instituto Superior Técnico, Universidade de Lisboa, Av. Rovisco Pais 1, Lisboa, 1049-001, Portugal; Henriques J.C.C., IDMEC, Instituto Superior Técnico, Universidade de Lisboa, Av. Rovisco Pais 1, Lisboa, 1049-001, Portugal; Falcão A.F.O., IDMEC, Instituto Superior Técnico, Universidade de Lisboa, Av. Rovisco Pais 1, Lisboa, 1049-001, Portugal; Varandas J., Kymaner - Tecnologias Energéticas, Lda. Estrada do Paço do Lumiar, Campus do Lumiar, Edfi. D R/C, Sala, Lisboa, 1026, Portugal","L.M.C. Gato; IDMEC, Instituto Superior Técnico, Universidade de Lisboa, Lisboa, Av. Rovisco Pais 1, 1049-001, Portugal; email: luis.gato@tecnico.ulisboa.pt","Elsevier Ltd","Article","Final","All Open Access; Hybrid Gold Open Access","Scopus","2-s2.0-85064323702"
"Gato L.M.C.; Carrelhas A.A.D.; Cunha A.F.A.","Gato, L.M.C. (7004360885); Carrelhas, A.A.D. (57208272722); Cunha, A.F.A. (57226012366)","7004360885; 57208272722; 57226012366","Performance improvement of the axial self-rectifying impulse air-turbine for wave energy conversion by multi-row guide vanes: Design and experimental results","2021","Energy Conversion and Management","243","","114305","","","","12","10.1016/j.enconman.2021.114305","https://www.scopus.com/inward/record.uri?eid=2-s2.0-85110064101&doi=10.1016%2fj.enconman.2021.114305&partnerID=40&md5=8d92778d0694b9dd90261af348ddb0ea","IDMEC, Instituto Superior Técnico, Universidade de Lisboa, Av. Rovisco Pais 1, Lisboa, 1049-001, Portugal","Gato L.M.C., IDMEC, Instituto Superior Técnico, Universidade de Lisboa, Av. Rovisco Pais 1, Lisboa, 1049-001, Portugal; Carrelhas A.A.D., IDMEC, Instituto Superior Técnico, Universidade de Lisboa, Av. Rovisco Pais 1, Lisboa, 1049-001, Portugal; Cunha A.F.A., IDMEC, Instituto Superior Técnico, Universidade de Lisboa, Av. Rovisco Pais 1, Lisboa, 1049-001, Portugal","L.M.C. Gato; IDMEC, Instituto Superior Técnico, Universidade de Lisboa, Lisboa, Av. Rovisco Pais 1, 1049-001, Portugal; email: luis.gato@tecnico.ulisboa.pt","Elsevier Ltd","Article","Final","All Open Access; Hybrid Gold Open Access","Scopus","2-s2.0-85110064101"
"Gradowski M.; Gomes R.P.F.; Alves M.","Gradowski, M. (57218877841); Gomes, R.P.F. (26030969000); Alves, M. (35578136600)","57218877841; 26030969000; 35578136600","Hydrodynamic optimisation of an axisymmetric floating Oscillating Water Column type wave energy converter with an enlarged inner tube","2020","Renewable Energy","162","","","1519","1532","13","9","10.1016/j.renene.2020.07.016","https://www.scopus.com/inward/record.uri?eid=2-s2.0-85091656305&doi=10.1016%2fj.renene.2020.07.016&partnerID=40&md5=c44a961da8fd0aa6c01efe7abe9b2166","Bombora Wave Power, Cleddau Reach, Pembroke Dock, SA726UJ, Wales, United Kingdom; IDMEC, Instituto Superior Técnico, Universidade de Lisboa, Av. Rovisco Pais 1, Lisbon, 1049-001, Portugal; WavEC Offshore Renewables, Edifício Diogo Cão, Doca de Alcântara Norte, Lisbon, 1350-352, Portugal","Gradowski M., Bombora Wave Power, Cleddau Reach, Pembroke Dock, SA726UJ, Wales, United Kingdom; Gomes R.P.F., IDMEC, Instituto Superior Técnico, Universidade de Lisboa, Av. Rovisco Pais 1, Lisbon, 1049-001, Portugal; Alves M., WavEC Offshore Renewables, Edifício Diogo Cão, Doca de Alcântara Norte, Lisbon, 1350-352, Portugal","M. Gradowski; Bombora Wave Power, Cleddau Reach, Pembroke Dock, SA726UJ, United Kingdom; email: marty@bomborawave.com","Elsevier Ltd","Article","Final","","Scopus","2-s2.0-85091656305"
"Henriques J.C.C.; Gato L.M.C.; La Sala V.; Carrelhas A.A.D.","Henriques, J.C.C. (36173947400); Gato, L.M.C. (7004360885); La Sala, V. (57356211300); Carrelhas, A.A.D. (57208272722)","36173947400; 7004360885; 57356211300; 57208272722","Acoustic noise emission of air turbines for wave energy conversion: Assessment and analysis","2023","Renewable Energy","212","","","897","907","10","2","10.1016/j.renene.2023.05.078","https://www.scopus.com/inward/record.uri?eid=2-s2.0-85160732096&doi=10.1016%2fj.renene.2023.05.078&partnerID=40&md5=abfa1277b29842933dfceea45fc005fe","IDMEC, Instituto Superior Técnico, Universidade de Lisboa, Av. Rovisco Pais, Lisboa, 1049-001, Portugal; Politecnico di Torino, Corso Duca degli Abruzzi 24, Torino, 10129, Italy","Henriques J.C.C., IDMEC, Instituto Superior Técnico, Universidade de Lisboa, Av. Rovisco Pais, Lisboa, 1049-001, Portugal; Gato L.M.C., IDMEC, Instituto Superior Técnico, Universidade de Lisboa, Av. Rovisco Pais, Lisboa, 1049-001, Portugal; La Sala V., Politecnico di Torino, Corso Duca degli Abruzzi 24, Torino, 10129, Italy; Carrelhas A.A.D., IDMEC, Instituto Superior Técnico, Universidade de Lisboa, Av. Rovisco Pais, Lisboa, 1049-001, Portugal","J.C.C. Henriques; IDMEC, Instituto Superior Técnico, Universidade de Lisboa, Lisboa, Av. Rovisco Pais, 1049-001, Portugal; email: joaochenriques@tecnico.ulisboa.pt","Elsevier Ltd","Article","Final","All Open Access; Hybrid Gold Open Access","Scopus","2-s2.0-85160732096"
"Gaebele D.T.; Magana M.E.; Brekken T.K.A.; Henriques J.C.C.; Carrelhas A.A.D.; Gato L.M.C.","Gaebele, Daniel T. (57211621971); Magana, Mario E. (7006184162); Brekken, Ted K. A. (16067825500); Henriques, Joao C. C. (36173947400); Carrelhas, Ana A. D. (57208272722); Gato, Luis M. C. (7004360885)","57211621971; 7006184162; 16067825500; 36173947400; 57208272722; 7004360885","Second Order Sliding Mode Control of Oscillating Water Column Wave Energy Converters for Power Improvement","2021","IEEE Transactions on Sustainable Energy","12","2","9247304","1151","1160","9","22","10.1109/TSTE.2020.3035501","https://www.scopus.com/inward/record.uri?eid=2-s2.0-85096118376&doi=10.1109%2fTSTE.2020.3035501&partnerID=40&md5=dbd8dc5f13c04f0a973e5c1faebe98aa","Department of Electrical and Computer Engineering, Oregon State University, Corvallis, 97331, OR, United States; IDMEC, Instituto Superior Técnico, Universidade de Lisboa, Lisboa, 1049-001, Portugal","Gaebele D.T., Department of Electrical and Computer Engineering, Oregon State University, Corvallis, 97331, OR, United States; Magana M.E., Department of Electrical and Computer Engineering, Oregon State University, Corvallis, 97331, OR, United States; Brekken T.K.A., Department of Electrical and Computer Engineering, Oregon State University, Corvallis, 97331, OR, United States; Henriques J.C.C., IDMEC, Instituto Superior Técnico, Universidade de Lisboa, Lisboa, 1049-001, Portugal; Carrelhas A.A.D., IDMEC, Instituto Superior Técnico, Universidade de Lisboa, Lisboa, 1049-001, Portugal; Gato L.M.C., IDMEC, Instituto Superior Técnico, Universidade de Lisboa, Lisboa, 1049-001, Portugal","D.T. Gaebele; Department of Electrical and Computer Engineering, Oregon State University, Corvallis, 97331, United States; email: gaebeled@oregonstate.edu","Institute of Electrical and Electronics Engineers Inc.","Article","Final","All Open Access; Hybrid Gold Open Access","Scopus","2-s2.0-85096118376"
"Correia da Fonseca F.X.; Henriques J.C.C.; Gato L.M.C.; Falcão A.F.O.","Correia da Fonseca, F.X. (57190221130); Henriques, J.C.C. (36173947400); Gato, L.M.C. (7004360885); Falcão, A.F.O. (23485073200)","57190221130; 36173947400; 7004360885; 23485073200","Oscillating flow rig for air turbine testing","2019","Renewable Energy","142","","","373","382","9","12","10.1016/j.renene.2019.04.124","https://www.scopus.com/inward/record.uri?eid=2-s2.0-85065069134&doi=10.1016%2fj.renene.2019.04.124&partnerID=40&md5=71c9b09ff56f7aa3c03662fc6141f561","IDMEC, Instituto Superior Técnico, Universidade de Lisboa, Av. Rovisco Pais, Lisboa, 1049-001, Portugal","Correia da Fonseca F.X., IDMEC, Instituto Superior Técnico, Universidade de Lisboa, Av. Rovisco Pais, Lisboa, 1049-001, Portugal; Henriques J.C.C., IDMEC, Instituto Superior Técnico, Universidade de Lisboa, Av. Rovisco Pais, Lisboa, 1049-001, Portugal; Gato L.M.C., IDMEC, Instituto Superior Técnico, Universidade de Lisboa, Av. Rovisco Pais, Lisboa, 1049-001, Portugal; Falcão A.F.O., IDMEC, Instituto Superior Técnico, Universidade de Lisboa, Av. Rovisco Pais, Lisboa, 1049-001, Portugal","F.X. Correia da Fonseca; IDMEC, Instituto Superior Técnico, Universidade de Lisboa, Lisboa, Av. Rovisco Pais, 1049-001, Portugal; email: franciscofonseca@tecnico.ulisboa.pt","Elsevier Ltd","Article","Final","","Scopus","2-s2.0-85065069134"
"Morais F.J.F.; Carrelhas A.A.D.; Gato L.M.C.","Morais, F.J.F. (58195797200); Carrelhas, A.A.D. (57208272722); Gato, L.M.C. (7004360885)","58195797200; 57208272722; 7004360885","Biplane-rotor Wells turbine: The influence of solidity, presence of guide vanes and comparison with other configurations","2023","Energy","276","","127514","","","","6","10.1016/j.energy.2023.127514","https://www.scopus.com/inward/record.uri?eid=2-s2.0-85153509778&doi=10.1016%2fj.energy.2023.127514&partnerID=40&md5=e20db3d21d53e1cd46196a58041398f9","IDMEC, Instituto Superior Técnico, Universidade de Lisboa, Av. Rovisco Pais 1, Lisboa, 1049-001, Portugal","Morais F.J.F., IDMEC, Instituto Superior Técnico, Universidade de Lisboa, Av. Rovisco Pais 1, Lisboa, 1049-001, Portugal; Carrelhas A.A.D., IDMEC, Instituto Superior Técnico, Universidade de Lisboa, Av. Rovisco Pais 1, Lisboa, 1049-001, Portugal; Gato L.M.C., IDMEC, Instituto Superior Técnico, Universidade de Lisboa, Av. Rovisco Pais 1, Lisboa, 1049-001, Portugal","L.M.C. Gato; IDMEC, Instituto Superior Técnico, Universidade de Lisboa, Lisboa, Av. Rovisco Pais 1, 1049-001, Portugal; email: luis.gato@tecnico.ulisboa.pt","Elsevier Ltd","Article","Final","All Open Access; Hybrid Gold Open Access","Scopus","2-s2.0-85153509778"
"Rinaldi G.; Portillo J.C.C.; Khalid F.; Henriques J.C.C.; Thies P.R.; Gato L.M.C.; Johanning L.","Rinaldi, G. (57193823350); Portillo, J.C.C. (56970941300); Khalid, F. (57211430109); Henriques, J.C.C. (36173947400); Thies, P.R. (55134959500); Gato, L.M.C. (7004360885); Johanning, L. (13605483700)","57193823350; 56970941300; 57211430109; 36173947400; 55134959500; 7004360885; 13605483700","Multivariate analysis of the reliability, availability, and maintainability characterizations of a Spar–Buoy wave energy converter farm","2018","Journal of Ocean Engineering and Marine Energy","4","3","","199","215","16","19","10.1007/s40722-018-0116-z","https://www.scopus.com/inward/record.uri?eid=2-s2.0-85049153249&doi=10.1007%2fs40722-018-0116-z&partnerID=40&md5=0923a28820e727f930832de7af6df4f3","Renewable Energy Group, College of Engineering, Mathematics and Physical Science, University of Exeter, Cornwall Campus, Penryn, TR10 9EZ, United Kingdom; LAETA, IDMEC, Instituto Superior Técnico, Universidade de Lisboa, Av. Rovisco Pais, Lisbon, 1049-001, Portugal","Rinaldi G., Renewable Energy Group, College of Engineering, Mathematics and Physical Science, University of Exeter, Cornwall Campus, Penryn, TR10 9EZ, United Kingdom; Portillo J.C.C., LAETA, IDMEC, Instituto Superior Técnico, Universidade de Lisboa, Av. Rovisco Pais, Lisbon, 1049-001, Portugal; Khalid F., Renewable Energy Group, College of Engineering, Mathematics and Physical Science, University of Exeter, Cornwall Campus, Penryn, TR10 9EZ, United Kingdom; Henriques J.C.C., LAETA, IDMEC, Instituto Superior Técnico, Universidade de Lisboa, Av. Rovisco Pais, Lisbon, 1049-001, Portugal; Thies P.R., Renewable Energy Group, College of Engineering, Mathematics and Physical Science, University of Exeter, Cornwall Campus, Penryn, TR10 9EZ, United Kingdom; Gato L.M.C., LAETA, IDMEC, Instituto Superior Técnico, Universidade de Lisboa, Av. Rovisco Pais, Lisbon, 1049-001, Portugal; Johanning L., Renewable Energy Group, College of Engineering, Mathematics and Physical Science, University of Exeter, Cornwall Campus, Penryn, TR10 9EZ, United Kingdom","G. Rinaldi; Renewable Energy Group, College of Engineering, Mathematics and Physical Science, University of Exeter, Penryn, Cornwall Campus, TR10 9EZ, United Kingdom; email: g.rinaldi@exeter.ac.uk","Springer International Publishing","Article","Final","All Open Access; Green Open Access; Hybrid Gold Open Access","Scopus","2-s2.0-85049153249"
